url,strategy
https://www.generasimaju.co.id/,mobile
https://www.generasimaju.co.id/,desktop
https://www.generasimaju.co.id/search?q=Zat+Besi,mobile
https://www.generasimaju.co.id/search?q=Zat+Besi,desktop
https://www.generasimaju.co.id/klub-generasi-maju/submit-kode-unik,mobile
https://www.generasimaju.co.id/klub-generasi-maju/submit-kode-unik,desktop
https://www.generasimaju.co.id/klub-generasi-maju/login,mobile
https://www.generasimaju.co.id/klub-generasi-maju/login,desktop
https://www.generasimaju.co.id/klub-generasi-maju/register,mobile
https://www.generasimaju.co.id/klub-generasi-maju/register,desktop
https://www.generasimaju.co.id/produk,mobile
https://www.generasimaju.co.id/produk,desktop
https://www.generasimaju.co.id/produk/sgm-eksplor-1-plus,mobile
https://www.generasimaju.co.id/produk/sgm-eksplor-1-plus,desktop
https://www.generasimaju.co.id/produk/sgm-eksplor-3-plus,mobile
https://www.generasimaju.co.id/produk/sgm-eksplor-3-plus,desktop
https://www.generasimaju.co.id/produk/sgm-eksplor-5-plus,mobile
https://www.generasimaju.co.id/produk/sgm-eksplor-5-plus,desktop
https://www.generasimaju.co.id/produk/sgm-bunda-hamil-menyusui,mobile
https://www.generasimaju.co.id/produk/sgm-bunda-hamil-menyusui,desktop
https://www.generasimaju.co.id/produk/sgm-family-yummy-nutri,mobile
https://www.generasimaju.co.id/produk/sgm-family-yummy-nutri,desktop
https://www.generasimaju.co.id/produk/sgm-eksplor-soya,mobile
https://www.generasimaju.co.id/produk/sgm-eksplor-soya,desktop
https://www.generasimaju.co.id/produk/sgm-optigrow,mobile
https://www.generasimaju.co.id/produk/sgm-optigrow,desktop
https://www.generasimaju.co.id/artikel,mobile
https://www.generasimaju.co.id/artikel,desktop
https://www.generasimaju.co.id/artikel/menyusui/nutrisi/vitamin-c-untuk-ibu-menyusui,mobile
https://www.generasimaju.co.id/artikel/menyusui/nutrisi/vitamin-c-untuk-ibu-menyusui,desktop
https://www.generasimaju.co.id/tools/kalkulator-zat-besi,mobile
https://www.generasimaju.co.id/tools/kalkulator-zat-besi,desktop
https://www.generasimaju.co.id/tools/kalkulator-zat-besi-bunda,mobile
https://www.generasimaju.co.id/tools/kalkulator-zat-besi-bunda,desktop
https://www.generasimaju.co.id/klub-generasi-maju,mobile
https://www.generasimaju.co.id/klub-generasi-maju,desktop
https://www.generasimaju.co.id/teman-bunda,mobile
https://www.generasimaju.co.id/teman-bunda,desktop
https://www.generasimaju.co.id/diary-generasi-maju,mobile
https://www.generasimaju.co.id/diary-generasi-maju,desktop
https://www.generasimaju.co.id/sekolah-generasi-maju,mobile
https://www.generasimaju.co.id/sekolah-generasi-maju,desktop
https://www.generasimaju.co.id/generasi-maju-bebas-stunting,mobile
https://www.generasimaju.co.id/generasi-maju-bebas-stunting,desktop
https://www.generasimaju.co.id/bersama-cegah-anemia,mobile
https://www.generasimaju.co.id/bersama-cegah-anemia,desktop
https://www.generasimaju.co.id/tools/kalkulator-kehamilan,mobile
https://www.generasimaju.co.id/tools/kalkulator-kehamilan,desktop
https://www.generasimaju.co.id/tools/cek-resiko-alergi,mobile
https://www.generasimaju.co.id/tools/cek-resiko-alergi,desktop
https://www.generasimaju.co.id/event-dan-promo,mobile
https://www.generasimaju.co.id/event-dan-promo,desktop
